[{"model": "booking.artist", "pk": 1, "fields": {"name": "Hannah Montana", "genre": 1, "artist_manager": 10, "artist_review": "Pop phenomenon Hannah Montana, loved by everyone.", "contact_info": "hannahmontana@pop.com"}}, {"model": "booking.artist", "pk": 2, "fields": {"name": "Foo Fighters", "genre": 3, "artist_manager": 11, "artist_review": "One of the best rock bands of our time, led by the legendary Dave Grohl.", "contact_info": "foooo@rock.com"}}, {"model": "booking.artist", "pk": 3, "fields": {"name": "Flight of the Conchords", "genre": 9, "artist_manager": 10, "artist_review": "Business time!", "contact_info": "flightoftheconchords@nezealand.com"}}, {"model": "booking.artist", "pk": 4, "fields": {"name": "Chance the Rapper", "genre": 5, "artist_manager": 11, "artist_review": "Album of the year!", "contact_info": "chance@therapper.com"}}, {"model": "booking.artist", "pk": 5, "fields": {"name": "Chet Baker", "genre": 6, "artist_manager": 10, "artist_review": "Old school jazz.", "contact_info": "chetbaker@jazz.com"}}, {"model": "booking.artist", "pk": 6, "fields": {"name": "Kanye West", "genre": 5, "artist_manager": 10, "artist_review": "Champion.", "contact_info": "kanye@west.com"}}, {"model": "booking.artist", "pk": 7, "fields": {"name": "Tame Impala", "genre": 10, "artist_manager": 10, "artist_review": "Cool!", "contact_info": "tame@impala.com"}}, {"model": "booking.artist", "pk": 8, "fields": {"name": "Vampire Weekend", "genre": 10, "artist_manager": 10, "artist_review": "Awesome guys!", "contact_info": "vampire@weekend.com"}}, {"model": "booking.artist", "pk": 9, "fields": {"name": "Veronica Maggio", "genre": 1, "artist_manager": 10, "artist_review": "Fantastic!", "contact_info": "veronica@maggio.com"}}, {"model": "booking.bookingoffer", "pk": 2, "fields": {"artist": 1, "comment": "Hope to see you here!", "time_slot": 3, "price": 300000, "tech_needs": "Glitter confetti\r\nLight show\r\nFireworks", "approved_by_bm": false, "accepted_by_am": false, "booker": 7, "created_at": "2017-11-07T15:50:23.907Z", "updated_at": "2017-11-07T15:50:23.907Z"}}, {"model": "booking.bookingoffer", "pk": 3, "fields": {"artist": 3, "comment": "Exciting!", "time_slot": 7, "price": 15000, "tech_needs": "Banjo", "approved_by_bm": false, "accepted_by_am": false, "booker": 7, "created_at": "2017-11-08T16:57:20.208Z", "updated_at": "2017-11-08T16:57:20.208Z"}}, {"model": "booking.bookingoffer", "pk": 4, "fields": {"artist": 2, "comment": "Awesome!", "time_slot": 3, "price": 400000, "tech_needs": "", "approved_by_bm": true, "accepted_by_am": false, "booker": 6, "created_at": "2017-11-08T16:58:30.872Z", "updated_at": "2017-11-09T07:12:34.221Z"}}, {"model": "booking.bookingoffer", "pk": 5, "fields": {"artist": 4, "comment": "Coooool!", "time_slot": 2, "price": 40000, "tech_needs": "Extra speakers", "approved_by_bm": false, "accepted_by_am": false, "booker": 7, "created_at": "2017-11-08T17:00:22.978Z", "updated_at": "2017-11-08T17:00:22.978Z"}}, {"model": "booking.bookingoffer", "pk": 6, "fields": {"artist": 5, "comment": "Smooth!", "time_slot": 7, "price": 13000, "tech_needs": "Saxophones", "approved_by_bm": true, "accepted_by_am": false, "booker": 7, "created_at": "2017-11-08T17:01:34.128Z", "updated_at": "2017-11-09T07:17:27.557Z"}}, {"model": "booking.bookingoffer", "pk": 7, "fields": {"artist": 9, "comment": "", "time_slot": 5, "price": 30000, "tech_needs": "Confetti", "approved_by_bm": true, "accepted_by_am": false, "booker": 6, "created_at": "2017-11-09T07:37:26.729Z", "updated_at": "2017-11-09T07:41:11.365Z"}}, {"model": "booking.concert", "pk": 1, "fields": {"artist": 3, "time_slot": 7, "description": "Afternoon jam.", "tech_meetup_time": "2017-11-22T11:00:00Z", "tech_done_time": "2017-11-22T19:00:00Z", "sold_tickets": 800, "audience_showed_up": 790, "revenue": 20000.0, "costs": 13000.0, "festival": 1, "created_at": "2017-11-08T17:22:37.825Z", "updated_at": "2017-11-08T17:22:37.826Z", "technicians": [8], "contact_person": [8], "techs_met": [8]}}, {"model": "booking.concert", "pk": 2, "fields": {"artist": 1, "time_slot": 3, "description": "Showtime!", "tech_meetup_time": "2017-11-24T13:00:00Z", "tech_done_time": "2017-11-25T01:00:00Z", "sold_tickets": 8500, "audience_showed_up": 8100, "revenue": 200000.0, "costs": 500000.0, "festival": 2, "created_at": "2017-11-08T17:45:21.349Z", "updated_at": "2017-11-08T17:45:21.349Z", "technicians": [8], "contact_person": [8], "techs_met": [8]}}, {"model": "booking.concert", "pk": 3, "fields": {"artist": 4, "time_slot": 5, "description": "American rap at its finest!", "tech_meetup_time": "2017-11-16T16:00:00Z", "tech_done_time": "2017-11-17T02:00:00Z", "sold_tickets": 1500, "audience_showed_up": 1450, "revenue": 180000.0, "costs": 200000.0, "festival": 1, "created_at": "2017-11-08T17:48:19.151Z", "updated_at": "2017-11-08T17:48:19.151Z", "technicians": [8], "contact_person": [8], "techs_met": [8]}}, {"model": "booking.concert", "pk": 4, "fields": {"artist": 8, "time_slot": 1, "description": "Great band!", "tech_meetup_time": "2017-11-10T14:00:00Z", "tech_done_time": "2017-11-11T02:00:00Z", "sold_tickets": 900, "audience_showed_up": 899, "revenue": 30000.0, "costs": 10000.0, "festival": 1, "created_at": "2017-11-09T07:06:56.199Z", "updated_at": "2017-11-09T07:06:56.199Z", "technicians": [8, 9], "contact_person": [8], "techs_met": [8, 9]}}, {"model": "booking.concert", "pk": 5, "fields": {"artist": 6, "time_slot": 8, "description": "World class show!", "tech_meetup_time": "2017-11-16T10:00:00Z", "tech_done_time": "2017-11-11T22:59:00Z", "sold_tickets": 10000, "audience_showed_up": 10000, "revenue": 10000000.0, "costs": 80000.0, "festival": 2, "created_at": "2017-11-09T07:08:38.780Z", "updated_at": "2017-11-09T07:08:38.780Z", "technicians": [8, 9], "contact_person": [9], "techs_met": [8, 9]}}, {"model": "booking.concert", "pk": 6, "fields": {"artist": 5, "time_slot": 6, "description": "Great jazz!", "tech_meetup_time": "2017-11-17T14:00:00Z", "tech_done_time": "2017-11-18T01:00:00Z", "sold_tickets": 200, "audience_showed_up": 189, "revenue": 19000.0, "costs": 12000.0, "festival": 1, "created_at": "2017-11-09T07:10:38.254Z", "updated_at": "2017-11-09T07:10:38.254Z", "technicians": [8], "contact_person": [8], "techs_met": []}}, {"model": "booking.festival", "pk": 1, "fields": {"name": "F\u00e5rik\u00e5lfestivalen", "start_date": "2017-11-09", "end_date": "2017-11-14", "num_of_concerts": 3, "total_revenue": 200000.0}}, {"model": "booking.festival", "pk": 2, "fields": {"name": "Fiskefestivalen", "start_date": "2017-11-21", "end_date": "2017-11-26", "num_of_concerts": 5, "total_revenue": 500000.0}}, {"model": "booking.festival", "pk": 3, "fields": {"name": "Tacofestivalen", "start_date": "2017-12-04", "end_date": "2017-11-19", "num_of_concerts": 6, "total_revenue": 60000.0}}, {"model": "booking.genre", "pk": 1, "fields": {"name": "Pop"}}, {"model": "booking.genre", "pk": 2, "fields": {"name": "Country"}}, {"model": "booking.genre", "pk": 3, "fields": {"name": "Rock"}}, {"model": "booking.genre", "pk": 4, "fields": {"name": "RnB"}}, {"model": "booking.genre", "pk": 5, "fields": {"name": "Rap"}}, {"model": "booking.genre", "pk": 6, "fields": {"name": "Jazz"}}, {"model": "booking.genre", "pk": 7, "fields": {"name": "Classical"}}, {"model": "booking.genre", "pk": 8, "fields": {"name": "Electro"}}, {"model": "booking.genre", "pk": 9, "fields": {"name": "New Zealand Folk"}}, {"model": "booking.genre", "pk": 10, "fields": {"name": "Indie"}}, {"model": "booking.stage", "pk": 1, "fields": {"name": "Parkteateret", "description": "Konsertlokaler p\u00e5 gammelt teater p\u00e5 Gr\u00fcnerl\u00f8kka.", "audience_cap": 2000}}, {"model": "booking.stage", "pk": 2, "fields": {"name": "Rockefeller", "description": "Fin scene.", "audience_cap": 5000}}, {"model": "booking.stage", "pk": 3, "fields": {"name": "Sentrum Scene", "description": "Scene i sentrum.", "audience_cap": 2500}}, {"model": "booking.stage", "pk": 4, "fields": {"name": "Spektrum", "description": "Stor scene!", "audience_cap": 18000}}, {"model": "booking.stage", "pk": 5, "fields": {"name": "John Dee", "description": "Liten scene.", "audience_cap": 300}}, {"model": "booking.timeslot", "pk": 1, "fields": {"start_date": "2017-11-10", "end_date": "2017-11-10", "start_time": "19:00:00", "end_time": "23:59:00", "stage": 1}}, {"model": "booking.timeslot", "pk": 2, "fields": {"start_date": "2017-11-25", "end_date": "2017-11-25", "start_time": "20:00:00", "end_time": "23:59:00", "stage": 5}}, {"model": "booking.timeslot", "pk": 3, "fields": {"start_date": "2017-11-24", "end_date": "2017-11-24", "start_time": "18:00:00", "end_time": "23:59:00", "stage": 4}}, {"model": "booking.timeslot", "pk": 4, "fields": {"start_date": "2017-11-25", "end_date": "2017-11-25", "start_time": "21:00:00", "end_time": "23:59:00", "stage": 3}}, {"model": "booking.timeslot", "pk": 5, "fields": {"start_date": "2017-11-16", "end_date": "2017-11-16", "start_time": "20:00:00", "end_time": "23:59:00", "stage": 2}}, {"model": "booking.timeslot", "pk": 6, "fields": {"start_date": "2017-11-17", "end_date": "2017-11-17", "start_time": "19:00:00", "end_time": "23:59:00", "stage": 5}}, {"model": "booking.timeslot", "pk": 7, "fields": {"start_date": "2017-11-22", "end_date": "2017-11-22", "start_time": "16:00:00", "end_time": "18:30:00", "stage": 1}}, {"model": "booking.timeslot", "pk": 8, "fields": {"start_date": "2017-11-16", "end_date": "2017-11-16", "start_time": "18:00:00", "end_time": "21:20:00", "stage": 4}}, {"model": "booking.timeslot", "pk": 9, "fields": {"start_date": "2017-11-15", "end_date": "2017-11-15", "start_time": "22:30:00", "end_time": "23:59:00", "stage": 2}}]