[{"model": "booking.artist", "pk": 1, "fields": {"name": "Iron Maiden", "genre": null, "artist_manager": 1, "artist_review": "", "contact_info": ""}}, {"model": "booking.artist", "pk": 2, "fields": {"name": "Avenged Sevenfold", "genre": 1, "artist_manager": 12, "artist_review": "", "contact_info": ""}}, {"model": "booking.artist", "pk": 3, "fields": {"name": "Baby Metal", "genre": null, "artist_manager": 12, "artist_review": "", "contact_info": ""}}, {"model": "booking.artist", "pk": 4, "fields": {"name": "Lana Del Ray", "genre": null, "artist_manager": 12, "artist_review": "", "contact_info": ""}}, {"model": "booking.artist", "pk": 5, "fields": {"name": "Bare Egil", "genre": null, "artist_manager": 12, "artist_review": "Nytt review. Vi vil ha tieste lol \u00e5re nei. Nei slutt da", "contact_info": ""}}, {"model": "booking.artist", "pk": 6, "fields": {"name": "Kontorbandet", "genre": null, "artist_manager": 12, "artist_review": "", "contact_info": ""}}, {"model": "booking.artist", "pk": 7, "fields": {"name": "newnew", "genre": null, "artist_manager": 12, "artist_review": "", "contact_info": ""}}, {"model": "booking.artist", "pk": 8, "fields": {"name": "Sunde", "genre": null, "artist_manager": 12, "artist_review": "", "contact_info": ""}}, {"model": "booking.artist", "pk": 9, "fields": {"name": "hei", "genre": null, "artist_manager": 11, "artist_review": "Sykt bra band", "contact_info": ""}}, {"model": "booking.artist", "pk": 10, "fields": {"name": "Eminem", "genre": 2, "artist_manager": 12, "artist_review": "", "contact_info": ""}}, {"model": "booking.artist", "pk": 11, "fields": {"name": "WEKEED", "genre": 3, "artist_manager": 12, "artist_review": "", "contact_info": ""}}, {"model": "booking.artist", "pk": 12, "fields": {"name": "Rick C-137", "genre": 2, "artist_manager": 12, "artist_review": "", "contact_info": ""}}, {"model": "booking.artist", "pk": 13, "fields": {"name": "Polka Brothers", "genre": 4, "artist_manager": 1, "artist_review": "", "contact_info": ""}}, {"model": "booking.artist", "pk": 14, "fields": {"name": "B\u00f8ljegutta", "genre": 5, "artist_manager": 12, "artist_review": "Et test review", "contact_info": "ronny@bolje.com"}}, {"model": "booking.bookingoffer", "pk": 2, "fields": {"artist": 5, "comment": "", "time_slot": 9, "price": 1000, "tech_needs": "I need a guitar. And a pint", "approved_by_bm": true, "accepted_by_am": true, "booker": 13, "created_at": null, "updated_at": "2017-11-07T19:56:47.577Z"}}, {"model": "booking.bookingoffer", "pk": 5, "fields": {"artist": 4, "comment": "ta med kennedy", "time_slot": 10, "price": 100000, "tech_needs": "Jeg trenger en klem", "approved_by_bm": true, "accepted_by_am": true, "booker": 13, "created_at": "2017-10-07T14:50:11.051Z", "updated_at": "2017-11-07T15:06:56.068Z"}}, {"model": "booking.bookingoffer", "pk": 6, "fields": {"artist": 1, "comment": "fields", "time_slot": null, "price": 21341, "tech_needs": "eddie, our maskot!", "approved_by_bm": false, "accepted_by_am": false, "booker": 13, "created_at": "2017-10-07T15:04:33.388Z", "updated_at": "2017-10-11T08:29:23.085Z"}}, {"model": "booking.bookingoffer", "pk": 9, "fields": {"artist": 10, "comment": "Hi come to us!", "time_slot": 10, "price": 666, "tech_needs": "", "approved_by_bm": true, "accepted_by_am": false, "booker": 13, "created_at": "2017-10-08T22:33:28.335Z", "updated_at": "2017-10-31T15:53:29.078Z"}}, {"model": "booking.bookingoffer", "pk": 10, "fields": {"artist": 11, "comment": "", "time_slot": null, "price": 50000, "tech_needs": "A hause. Beer.", "approved_by_bm": true, "accepted_by_am": false, "booker": 13, "created_at": "2017-10-09T12:48:15.999Z", "updated_at": "2017-10-24T12:23:12.269Z"}}, {"model": "booking.bookingoffer", "pk": 11, "fields": {"artist": 1, "comment": "", "time_slot": 24, "price": 12341, "tech_needs": "", "approved_by_bm": false, "accepted_by_am": false, "booker": 13, "created_at": "2017-10-10T13:20:33.048Z", "updated_at": "2017-10-26T10:09:36.004Z"}}, {"model": "booking.bookingoffer", "pk": 12, "fields": {"artist": 5, "comment": "Vi viil ha deg", "time_slot": 24, "price": 23623, "tech_needs": "Bl\u00e5b\u00e6riste m/koffein", "approved_by_bm": true, "accepted_by_am": false, "booker": 13, "created_at": "2017-10-10T13:20:53.924Z", "updated_at": "2017-10-26T14:07:44.266Z"}}, {"model": "booking.bookingoffer", "pk": 13, "fields": {"artist": 12, "comment": "We want the rickest riiiick!", "time_slot": 25, "price": 20, "tech_needs": "Portal gun. One Morty", "approved_by_bm": true, "accepted_by_am": false, "booker": 13, "created_at": "2017-10-10T13:38:35.223Z", "updated_at": "2017-10-26T10:18:27.613Z"}}, {"model": "booking.bookingoffer", "pk": 14, "fields": {"artist": 2, "comment": "", "time_slot": 25, "price": 3000, "tech_needs": "A sacrificial human heart", "approved_by_bm": true, "accepted_by_am": false, "booker": 13, "created_at": "2017-10-10T13:39:09.155Z", "updated_at": "2017-10-26T09:41:05.853Z"}}, {"model": "booking.bookingoffer", "pk": 16, "fields": {"artist": 3, "comment": "", "time_slot": null, "price": null, "tech_needs": "", "approved_by_bm": true, "accepted_by_am": false, "booker": 13, "created_at": "2017-10-26T10:08:24.347Z", "updated_at": "2017-10-31T15:56:10.953Z"}}, {"model": "booking.bookingoffer", "pk": 17, "fields": {"artist": 4, "comment": "Beste Konserten", "time_slot": 13, "price": null, "tech_needs": "", "approved_by_bm": false, "accepted_by_am": false, "booker": 13, "created_at": "2017-10-26T14:15:20.304Z", "updated_at": "2017-10-26T14:15:20.304Z"}}, {"model": "booking.bookingoffer", "pk": 18, "fields": {"artist": 1, "comment": "", "time_slot": 52, "price": null, "tech_needs": "", "approved_by_bm": true, "accepted_by_am": false, "booker": 1, "created_at": "2017-10-26T14:15:51.361Z", "updated_at": "2017-11-01T09:01:12.946Z"}}, {"model": "booking.bookingoffer", "pk": 19, "fields": {"artist": 13, "comment": "", "time_slot": 12, "price": 20000, "tech_needs": "Trekkspill. Bibel. Bokseseler. Hatt", "approved_by_bm": true, "accepted_by_am": true, "booker": 1, "created_at": "2017-10-31T15:40:25.372Z", "updated_at": "2017-11-07T20:17:13.827Z"}}, {"model": "booking.bookingoffer", "pk": 20, "fields": {"artist": 3, "comment": "", "time_slot": 8, "price": null, "tech_needs": "", "approved_by_bm": false, "accepted_by_am": false, "booker": 13, "created_at": "2017-11-01T09:09:49.695Z", "updated_at": "2017-11-08T14:29:18.157Z"}}, {"model": "booking.bookingoffer", "pk": 21, "fields": {"artist": 5, "comment": "", "time_slot": 8, "price": 23452, "tech_needs": "", "approved_by_bm": false, "accepted_by_am": false, "booker": 13, "created_at": "2017-11-07T13:22:03.641Z", "updated_at": "2017-11-07T19:59:52.508Z"}}, {"model": "booking.bookingoffer", "pk": 22, "fields": {"artist": 2, "comment": "Much comment", "time_slot": 13, "price": 2134, "tech_needs": "", "approved_by_bm": false, "accepted_by_am": false, "booker": 1, "created_at": "2017-11-07T19:33:08.534Z", "updated_at": "2017-11-07T19:33:08.534Z"}}, {"model": "booking.bookingoffer", "pk": 23, "fields": {"artist": 9, "comment": "", "time_slot": 8, "price": null, "tech_needs": "", "approved_by_bm": false, "accepted_by_am": false, "booker": 1, "created_at": "2017-11-07T19:58:58.740Z", "updated_at": "2017-11-07T19:58:58.740Z"}}, {"model": "booking.bookingoffer", "pk": 24, "fields": {"artist": 9, "comment": "", "time_slot": 8, "price": null, "tech_needs": "", "approved_by_bm": false, "accepted_by_am": false, "booker": 1, "created_at": "2017-11-07T19:59:15.159Z", "updated_at": "2017-11-08T16:16:41.995Z"}}, {"model": "booking.bookingoffer", "pk": 25, "fields": {"artist": 3, "comment": "", "time_slot": 6, "price": null, "tech_needs": "", "approved_by_bm": false, "accepted_by_am": false, "booker": 1, "created_at": "2017-11-08T16:16:27.138Z", "updated_at": "2017-11-08T16:16:27.138Z"}}, {"model": "booking.concert", "pk": 3, "fields": {"artist": 1, "time_slot": 13, "description": "", "tech_meetup_time": "2017-10-19T10:00:00Z", "tech_done_time": "2017-10-20T04:00:00Z", "sold_tickets": 100, "audience_showed_up": null, "revenue": null, "costs": null, "festival": 1, "created_at": "2017-10-07T15:31:51.737Z", "updated_at": "2017-10-08T22:22:06.032Z", "technicians": [4, 2], "contact_person": [], "techs_met": []}}, {"model": "booking.concert", "pk": 4, "fields": {"artist": 1, "time_slot": 12, "description": "", "tech_meetup_time": "2017-10-10T11:00:00Z", "tech_done_time": "2017-10-10T21:00:00Z", "sold_tickets": 200, "audience_showed_up": null, "revenue": null, "costs": null, "festival": 1, "created_at": "2017-10-07T15:31:51.737Z", "updated_at": "2017-11-08T21:22:24.556Z", "technicians": [5, 4], "contact_person": [2, 3], "techs_met": []}}, {"model": "booking.concert", "pk": 6, "fields": {"artist": 1, "time_slot": 10, "description": "", "tech_meetup_time": "2017-10-06T17:00:00Z", "tech_done_time": "2017-10-06T21:30:00Z", "sold_tickets": 150, "audience_showed_up": null, "revenue": null, "costs": null, "festival": 1, "created_at": "2017-10-07T15:31:51.737Z", "updated_at": "2017-10-07T15:31:51.801Z", "technicians": [5, 3, 4, 2], "contact_person": [], "techs_met": []}}, {"model": "booking.concert", "pk": 7, "fields": {"artist": 3, "time_slot": 9, "description": "", "tech_meetup_time": "2017-10-07T20:00:00Z", "tech_done_time": "2017-10-08T04:00:00Z", "sold_tickets": 300, "audience_showed_up": null, "revenue": null, "costs": null, "festival": 1, "created_at": "2017-10-07T15:31:51.737Z", "updated_at": "2017-10-08T22:23:58.776Z", "technicians": [3, 4, 2], "contact_person": [], "techs_met": []}}, {"model": "booking.concert", "pk": 8, "fields": {"artist": 1, "time_slot": 8, "description": "", "tech_meetup_time": "2017-10-11T16:00:00Z", "tech_done_time": "2017-10-11T21:59:00Z", "sold_tickets": 300, "audience_showed_up": null, "revenue": null, "costs": null, "festival": 1, "created_at": "2017-10-07T15:31:51.737Z", "updated_at": "2017-10-07T15:31:51.801Z", "technicians": [3, 4, 8, 9, 2], "contact_person": [], "techs_met": []}}, {"model": "booking.concert", "pk": 9, "fields": {"artist": 1, "time_slot": 7, "description": "", "tech_meetup_time": "2017-10-11T18:00:00Z", "tech_done_time": "2017-10-12T02:00:00Z", "sold_tickets": 200, "audience_showed_up": null, "revenue": null, "costs": null, "festival": 1, "created_at": "2017-10-07T15:31:51.737Z", "updated_at": "2017-10-07T15:31:51.801Z", "technicians": [5, 7, 2], "contact_person": [], "techs_met": []}}, {"model": "booking.concert", "pk": 10, "fields": {"artist": 1, "time_slot": 2, "description": "", "tech_meetup_time": "2017-10-12T19:00:00Z", "tech_done_time": "2017-10-13T04:00:00Z", "sold_tickets": 500, "audience_showed_up": null, "revenue": null, "costs": null, "festival": 1, "created_at": "2017-10-07T15:31:51.737Z", "updated_at": "2017-10-07T15:31:51.801Z", "technicians": [3, 4, 2, 1], "contact_person": [], "techs_met": []}}, {"model": "booking.concert", "pk": 11, "fields": {"artist": 1, "time_slot": 5, "description": "D\u00f8dens Dal", "tech_meetup_time": "2017-10-12T13:00:00Z", "tech_done_time": "2017-10-12T21:59:00Z", "sold_tickets": 600, "audience_showed_up": null, "revenue": null, "costs": null, "festival": 1, "created_at": "2017-10-07T15:31:51.737Z", "updated_at": "2017-10-07T15:31:51.801Z", "technicians": [5, 6, 3, 4, 8, 9, 7, 2], "contact_person": [], "techs_met": []}}, {"model": "booking.concert", "pk": 12, "fields": {"artist": 8, "time_slot": 4, "description": "", "tech_meetup_time": "2017-10-16T18:00:00Z", "tech_done_time": "2017-10-17T04:00:00Z", "sold_tickets": 399, "audience_showed_up": null, "revenue": null, "costs": null, "festival": 1, "created_at": "2017-10-07T15:31:51.737Z", "updated_at": "2017-11-07T14:09:50.058Z", "technicians": [5, 6, 3, 4, 7, 2, 1], "contact_person": [1, 2, 3], "techs_met": []}}, {"model": "booking.concert", "pk": 13, "fields": {"artist": 1, "time_slot": 3, "description": "This is a concert in the past", "tech_meetup_time": "2017-09-01T13:00:00Z", "tech_done_time": "2017-09-01T19:00:00Z", "sold_tickets": 450, "audience_showed_up": null, "revenue": 10000.0, "costs": null, "festival": 1, "created_at": "2017-10-07T15:31:51.737Z", "updated_at": "2017-10-07T15:31:51.801Z", "technicians": [3, 4, 7, 2], "contact_person": [], "techs_met": []}}, {"model": "booking.concert", "pk": 14, "fields": {"artist": 1, "time_slot": 1, "description": "past concert", "tech_meetup_time": "2017-08-16T15:00:00Z", "tech_done_time": "2017-08-16T17:00:00Z", "sold_tickets": 600, "audience_showed_up": 500, "revenue": 20000.0, "costs": null, "festival": 1, "created_at": "2017-10-07T15:31:51.737Z", "updated_at": "2017-10-12T07:46:39.010Z", "technicians": [6, 4, 9, 2, 1], "contact_person": [], "techs_met": []}}, {"model": "booking.concert", "pk": 15, "fields": {"artist": 1, "time_slot": 14, "description": "", "tech_meetup_time": "2017-10-28T09:00:00Z", "tech_done_time": "2017-10-28T17:00:00Z", "sold_tickets": 200, "audience_showed_up": null, "revenue": null, "costs": null, "festival": 1, "created_at": "2017-10-07T15:31:51.737Z", "updated_at": "2017-10-07T15:31:51.801Z", "technicians": [8, 9, 2, 1], "contact_person": [], "techs_met": []}}, {"model": "booking.concert", "pk": 16, "fields": {"artist": 1, "time_slot": 15, "description": "", "tech_meetup_time": "2017-11-01T14:00:00Z", "tech_done_time": "2017-11-01T19:00:00Z", "sold_tickets": 250, "audience_showed_up": null, "revenue": null, "costs": null, "festival": 1, "created_at": "2017-10-07T15:31:51.737Z", "updated_at": "2017-10-07T15:31:51.801Z", "technicians": [1, 2, 4, 5], "contact_person": [], "techs_met": []}}, {"model": "booking.concert", "pk": 17, "fields": {"artist": 2, "time_slot": 18, "description": "", "tech_meetup_time": "2017-11-10T17:00:00Z", "tech_done_time": "2017-11-10T22:00:00Z", "sold_tickets": 250, "audience_showed_up": null, "revenue": null, "costs": null, "festival": 1, "created_at": "2017-10-07T15:31:51.737Z", "updated_at": "2017-10-08T22:24:23.963Z", "technicians": [1, 3, 4, 5], "contact_person": [], "techs_met": []}}, {"model": "booking.concert", "pk": 18, "fields": {"artist": 6, "time_slot": 6, "description": "", "tech_meetup_time": null, "tech_done_time": null, "sold_tickets": null, "audience_showed_up": null, "revenue": null, "costs": null, "festival": 1, "created_at": "2017-10-08T22:17:34.139Z", "updated_at": "2017-10-08T22:17:34.139Z", "technicians": [1, 2, 4], "contact_person": [], "techs_met": []}}, {"model": "booking.concert", "pk": 19, "fields": {"artist": 11, "time_slot": 23, "description": "", "tech_meetup_time": "2017-11-10T17:00:00Z", "tech_done_time": "2017-11-10T22:59:00Z", "sold_tickets": null, "audience_showed_up": null, "revenue": null, "costs": null, "festival": 1, "created_at": "2017-10-09T13:12:10.540Z", "updated_at": "2017-11-07T14:47:24.231Z", "technicians": [8, 2, 6], "contact_person": [], "techs_met": [8, 9]}}, {"model": "booking.concert", "pk": 20, "fields": {"artist": 5, "time_slot": 24, "description": "", "tech_meetup_time": "2017-10-30T16:00:00Z", "tech_done_time": "2017-10-30T22:00:00Z", "sold_tickets": 150, "audience_showed_up": null, "revenue": null, "costs": null, "festival": 1, "created_at": "2017-10-10T13:22:13.812Z", "updated_at": "2017-10-10T13:22:13.812Z", "technicians": [1, 2, 3, 4, 5], "contact_person": [], "techs_met": []}}, {"model": "booking.concert", "pk": 21, "fields": {"artist": 12, "time_slot": 25, "description": "yey we got rick!", "tech_meetup_time": "2017-10-08T10:00:00Z", "tech_done_time": "2017-10-08T21:59:00Z", "sold_tickets": 999, "audience_showed_up": null, "revenue": null, "costs": null, "festival": 1, "created_at": "2017-10-10T13:47:21.138Z", "updated_at": "2017-10-10T13:47:21.138Z", "technicians": [1, 2, 3, 4, 5, 6, 7, 8, 9], "contact_person": [], "techs_met": []}}, {"model": "booking.concert", "pk": 22, "fields": {"artist": 13, "time_slot": 51, "description": "", "tech_meetup_time": "2017-11-29T16:00:00Z", "tech_done_time": "2017-11-29T22:59:00Z", "sold_tickets": null, "audience_showed_up": null, "revenue": null, "costs": null, "festival": 1, "created_at": "2017-10-31T15:38:38.441Z", "updated_at": "2017-10-31T15:38:38.441Z", "technicians": [1, 2, 3, 4, 5], "contact_person": [], "techs_met": []}}, {"model": "booking.festival", "pk": 1, "fields": {"name": "PeFemTen", "start_date": "2017-09-27", "end_date": "2017-10-26", "num_of_concerts": null, "total_revenue": null}}, {"model": "booking.genre", "pk": 1, "fields": {"name": "Metal"}}, {"model": "booking.genre", "pk": 2, "fields": {"name": "Rap"}}, {"model": "booking.genre", "pk": 3, "fields": {"name": "House"}}, {"model": "booking.genre", "pk": 4, "fields": {"name": "Polka"}}, {"model": "booking.genre", "pk": 5, "fields": {"name": "Stomp"}}, {"model": "booking.stage", "pk": 1, "fields": {"name": "Moki", "description": "", "audience_cap": 500}}, {"model": "booking.stage", "pk": 2, "fields": {"name": "Gobo", "description": "", "audience_cap": 600}}, {"model": "booking.stage", "pk": 3, "fields": {"name": "Vips", "description": "", "audience_cap": 750}}, {"model": "booking.stage", "pk": 4, "fields": {"name": "Bober", "description": "", "audience_cap": 900}}, {"model": "booking.stage", "pk": 5, "fields": {"name": "Onlinekontoret", "description": "Beste plassen", "audience_cap": 1000}}, {"model": "booking.stage", "pk": 6, "fields": {"name": "test", "description": "hei", "audience_cap": 100}}, {"model": "booking.stage", "pk": 7, "fields": {"name": "TheCage", "description": "For gladiators", "audience_cap": 1000}}, {"model": "booking.timeslot", "pk": 1, "fields": {"start_date": "2017-10-03", "end_date": "2017-10-03", "start_time": "17:34:06", "end_time": "17:34:07", "stage": 1}}, {"model": "booking.timeslot", "pk": 2, "fields": {"start_date": "2017-10-20", "end_date": "2017-10-20", "start_time": "17:35:34", "end_time": "20:00:00", "stage": 1}}, {"model": "booking.timeslot", "pk": 3, "fields": {"start_date": "2017-10-27", "end_date": "2017-10-27", "start_time": "17:47:52", "end_time": "21:00:00", "stage": 2}}, {"model": "booking.timeslot", "pk": 4, "fields": {"start_date": "2017-09-14", "end_date": "2017-09-14", "start_time": "17:00:00", "end_time": "21:00:00", "stage": 4}}, {"model": "booking.timeslot", "pk": 5, "fields": {"start_date": "2017-10-21", "end_date": "2017-10-21", "start_time": "17:51:08", "end_time": "17:51:09", "stage": 1}}, {"model": "booking.timeslot", "pk": 6, "fields": {"start_date": "2017-10-03", "end_date": "2017-10-03", "start_time": "17:51:16", "end_time": "17:51:17", "stage": 3}}, {"model": "booking.timeslot", "pk": 7, "fields": {"start_date": "2017-10-03", "end_date": "2017-10-03", "start_time": "17:51:23", "end_time": "17:51:23", "stage": 4}}, {"model": "booking.timeslot", "pk": 8, "fields": {"start_date": "2017-10-03", "end_date": "2017-10-03", "start_time": "17:51:28", "end_time": "17:51:28", "stage": 4}}, {"model": "booking.timeslot", "pk": 9, "fields": {"start_date": "2017-10-03", "end_date": "2017-10-03", "start_time": "17:51:34", "end_time": "17:51:34", "stage": 2}}, {"model": "booking.timeslot", "pk": 10, "fields": {"start_date": "2017-10-03", "end_date": "2017-10-03", "start_time": "17:51:40", "end_time": "17:51:40", "stage": 1}}, {"model": "booking.timeslot", "pk": 12, "fields": {"start_date": "2017-10-03", "end_date": "2017-10-03", "start_time": "17:51:56", "end_time": "17:51:57", "stage": 1}}, {"model": "booking.timeslot", "pk": 13, "fields": {"start_date": "2017-10-03", "end_date": "2017-10-03", "start_time": "17:54:29", "end_time": "17:54:30", "stage": 2}}, {"model": "booking.timeslot", "pk": 14, "fields": {"start_date": "2017-10-28", "end_date": "2017-10-28", "start_time": "12:00:00", "end_time": "18:00:00", "stage": 1}}, {"model": "booking.timeslot", "pk": 15, "fields": {"start_date": "2017-11-01", "end_date": "2017-11-01", "start_time": "17:00:00", "end_time": "19:00:00", "stage": 1}}, {"model": "booking.timeslot", "pk": 16, "fields": {"start_date": "2017-11-28", "end_date": "2017-11-28", "start_time": "20:00:00", "end_time": "22:00:00", "stage": 2}}, {"model": "booking.timeslot", "pk": 17, "fields": {"start_date": "2017-11-10", "end_date": "2017-11-10", "start_time": "20:00:00", "end_time": "21:00:00", "stage": 4}}, {"model": "booking.timeslot", "pk": 18, "fields": {"start_date": "2017-11-10", "end_date": "2017-11-10", "start_time": "21:00:00", "end_time": "23:00:00", "stage": 1}}, {"model": "booking.timeslot", "pk": 19, "fields": {"start_date": "2017-11-10", "end_date": "2017-10-10", "start_time": "21:00:00", "end_time": "22:00:00", "stage": 2}}, {"model": "booking.timeslot", "pk": 20, "fields": {"start_date": "2018-10-07", "end_date": "2018-10-07", "start_time": "17:03:55", "end_time": "17:03:55", "stage": 2}}, {"model": "booking.timeslot", "pk": 21, "fields": {"start_date": "2017-11-20", "end_date": "2017-11-20", "start_time": "19:00:00", "end_time": "21:00:00", "stage": 5}}, {"model": "booking.timeslot", "pk": 23, "fields": {"start_date": "2017-11-10", "end_date": "2017-11-10", "start_time": "21:00:00", "end_time": "22:00:00", "stage": 1}}, {"model": "booking.timeslot", "pk": 24, "fields": {"start_date": "2017-10-30", "end_date": "2017-10-30", "start_time": "20:00:00", "end_time": "22:00:00", "stage": 1}}, {"model": "booking.timeslot", "pk": 25, "fields": {"start_date": "2017-11-01", "end_date": "2017-11-01", "start_time": "18:00:00", "end_time": "22:00:00", "stage": 7}}, {"model": "booking.timeslot", "pk": 26, "fields": {"start_date": "2017-11-10", "end_date": "2017-11-10", "start_time": "18:00:00", "end_time": "20:00:00", "stage": 1}}, {"model": "booking.timeslot", "pk": 27, "fields": {"start_date": "2017-11-10", "end_date": "2017-11-10", "start_time": "18:00:00", "end_time": "20:00:00", "stage": 1}}, {"model": "booking.timeslot", "pk": 28, "fields": {"start_date": "2017-11-10", "end_date": "2017-11-10", "start_time": "19:00:00", "end_time": "21:00:00", "stage": 2}}, {"model": "booking.timeslot", "pk": 29, "fields": {"start_date": "2017-11-10", "end_date": "2017-11-10", "start_time": "20:00:00", "end_time": "21:00:00", "stage": 5}}, {"model": "booking.timeslot", "pk": 30, "fields": {"start_date": "2017-11-11", "end_date": "2017-11-11", "start_time": "13:00:00", "end_time": "21:00:00", "stage": 7}}, {"model": "booking.timeslot", "pk": 31, "fields": {"start_date": "2017-12-01", "end_date": "2017-12-01", "start_time": "15:00:00", "end_time": "17:00:00", "stage": 5}}, {"model": "booking.timeslot", "pk": 34, "fields": {"start_date": "2017-12-01", "end_date": "2017-12-01", "start_time": "18:00:00", "end_time": "21:00:00", "stage": 5}}, {"model": "booking.timeslot", "pk": 35, "fields": {"start_date": "2017-11-10", "end_date": "2017-11-10", "start_time": "20:00:00", "end_time": "22:00:00", "stage": 5}}, {"model": "booking.timeslot", "pk": 37, "fields": {"start_date": "2017-11-10", "end_date": "2017-11-10", "start_time": "20:00:00", "end_time": "22:00:00", "stage": 5}}, {"model": "booking.timeslot", "pk": 41, "fields": {"start_date": "2017-11-10", "end_date": "2017-11-10", "start_time": "20:00:00", "end_time": "22:00:00", "stage": 5}}, {"model": "booking.timeslot", "pk": 42, "fields": {"start_date": "2017-11-10", "end_date": "2017-11-10", "start_time": "20:00:00", "end_time": "22:00:00", "stage": 5}}, {"model": "booking.timeslot", "pk": 43, "fields": {"start_date": "2017-11-03", "end_date": "2017-11-03", "start_time": "20:00:00", "end_time": "22:00:00", "stage": 1}}, {"model": "booking.timeslot", "pk": 45, "fields": {"start_date": "2017-11-28", "end_date": "2017-11-28", "start_time": "12:00:00", "end_time": "14:00:00", "stage": 1}}, {"model": "booking.timeslot", "pk": 46, "fields": {"start_date": "2017-11-20", "end_date": "2017-11-20", "start_time": "18:00:00", "end_time": "21:00:00", "stage": 1}}, {"model": "booking.timeslot", "pk": 47, "fields": {"start_date": "2017-12-02", "end_date": "2017-12-02", "start_time": "18:00:00", "end_time": "21:00:00", "stage": 1}}, {"model": "booking.timeslot", "pk": 49, "fields": {"start_date": "2017-11-28", "end_date": "2017-11-28", "start_time": "18:00:00", "end_time": "21:00:00", "stage": 1}}, {"model": "booking.timeslot", "pk": 50, "fields": {"start_date": "2017-11-10", "end_date": "2017-11-10", "start_time": "20:00:00", "end_time": "22:00:00", "stage": 3}}, {"model": "booking.timeslot", "pk": 51, "fields": {"start_date": "2017-11-29", "end_date": "2017-11-29", "start_time": "20:00:00", "end_time": "22:00:00", "stage": 1}}, {"model": "booking.timeslot", "pk": 52, "fields": {"start_date": "2017-12-10", "end_date": "2017-12-10", "start_time": "18:00:00", "end_time": "22:00:00", "stage": 4}}, {"model": "booking.timeslot", "pk": 53, "fields": {"start_date": "2018-03-16", "end_date": "2018-03-16", "start_time": "18:00:00", "end_time": "20:00:00", "stage": 1}}, {"model": "booking.timeslot", "pk": 54, "fields": {"start_date": "2017-11-28", "end_date": "2017-11-28", "start_time": "18:00:00", "end_time": "20:00:00", "stage": 3}}]