[{"model": "booking.artist", "pk": 1, "fields": {"name": "Iron Maiden", "genre": null, "artist_manager": 1}}, {"model": "booking.artist", "pk": 2, "fields": {"name": "Avenged Sevenfold", "genre": 1, "artist_manager": 12}}, {"model": "booking.artist", "pk": 3, "fields": {"name": "Baby Metal", "genre": null, "artist_manager": 12}}, {"model": "booking.artist", "pk": 4, "fields": {"name": "Lana Del Ray", "genre": null, "artist_manager": 12}}, {"model": "booking.artist", "pk": 5, "fields": {"name": "Bare Egil", "genre": null, "artist_manager": 12}}, {"model": "booking.artist", "pk": 6, "fields": {"name": "Kontorbandet", "genre": null, "artist_manager": 12}}, {"model": "booking.artist", "pk": 7, "fields": {"name": "newnew", "genre": null, "artist_manager": 12}}, {"model": "booking.artist", "pk": 8, "fields": {"name": "Sunde", "genre": null, "artist_manager": 12}}, {"model": "booking.artist", "pk": 9, "fields": {"name": "hei", "genre": null, "artist_manager": 11}}, {"model": "booking.artist", "pk": 10, "fields": {"name": "Eminem", "genre": 2, "artist_manager": 12}}, {"model": "booking.artist", "pk": 11, "fields": {"name": "WEKEED", "genre": 3, "artist_manager": 12}}, {"model": "booking.artist", "pk": 12, "fields": {"name": "Rick C-137", "genre": 2, "artist_manager": 12}}, {"model": "booking.bookingoffer", "pk": 2, "fields": {"artist": 5, "artist_manager": 12, "comment": "", "time_slot": 9, "price": 1000, "tech_needs": "I need a guitar. And a pint", "approved_by_bm": true, "accepted_by_am": true, "booker": 1, "created_at": null, "updated_at": "2017-10-10T14:08:46.558Z"}}, {"model": "booking.bookingoffer", "pk": 3, "fields": {"artist": 2, "artist_manager": 1, "comment": "", "time_slot": 11, "price": 1000000, "tech_needs": "", "approved_by_bm": false, "accepted_by_am": false, "booker": 1, "created_at": null, "updated_at": "2017-10-10T14:08:27.901Z"}}, {"model": "booking.bookingoffer", "pk": 4, "fields": {"artist": 3, "artist_manager": 12, "comment": "", "time_slot": 11, "price": 150000, "tech_needs": "Gitarer, trommer, elektriske haler.", "approved_by_bm": true, "accepted_by_am": false, "booker": 1, "created_at": "2017-10-06T18:06:38Z", "updated_at": "2017-10-10T14:08:55.968Z"}}, {"model": "booking.bookingoffer", "pk": 5, "fields": {"artist": 4, "artist_manager": 1, "comment": "ta med kennedy", "time_slot": 10, "price": 100000, "tech_needs": "", "approved_by_bm": false, "accepted_by_am": false, "booker": 1, "created_at": "2017-10-07T14:50:11.051Z", "updated_at": "2017-10-10T14:08:09.993Z"}}, {"model": "booking.bookingoffer", "pk": 6, "fields": {"artist": 1, "artist_manager": 12, "comment": "fields", "time_slot": null, "price": 21341, "tech_needs": "eddie, our maskot!", "approved_by_bm": false, "accepted_by_am": false, "booker": 13, "created_at": "2017-10-07T15:04:33.388Z", "updated_at": "2017-10-11T08:29:23.085Z"}}, {"model": "booking.bookingoffer", "pk": 7, "fields": {"artist": 6, "artist_manager": 1, "comment": "no", "time_slot": 11, "price": 134, "tech_needs": "", "approved_by_bm": true, "accepted_by_am": false, "booker": 13, "created_at": "2017-10-07T15:27:48.456Z", "updated_at": "2017-10-10T14:07:37.496Z"}}, {"model": "booking.bookingoffer", "pk": 9, "fields": {"artist": 10, "artist_manager": 1, "comment": "Hi come to us!", "time_slot": 10, "price": 666, "tech_needs": "", "approved_by_bm": false, "accepted_by_am": false, "booker": 1, "created_at": "2017-10-08T22:33:28.335Z", "updated_at": "2017-10-10T14:08:14.678Z"}}, {"model": "booking.bookingoffer", "pk": 10, "fields": {"artist": 11, "artist_manager": 12, "comment": "", "time_slot": null, "price": 50000, "tech_needs": "A hause. Beer.", "approved_by_bm": true, "accepted_by_am": true, "booker": 13, "created_at": "2017-10-09T12:48:15.999Z", "updated_at": "2017-10-09T13:09:44.386Z"}}, {"model": "booking.bookingoffer", "pk": 11, "fields": {"artist": 1, "artist_manager": 12, "comment": "", "time_slot": 24, "price": 12341, "tech_needs": "", "approved_by_bm": false, "accepted_by_am": false, "booker": 13, "created_at": "2017-10-10T13:20:33.048Z", "updated_at": "2017-10-10T13:20:33.048Z"}}, {"model": "booking.bookingoffer", "pk": 12, "fields": {"artist": 5, "artist_manager": 12, "comment": "Vi viil ha deg", "time_slot": 24, "price": 23623, "tech_needs": "Bl\u00e5b\u00e6riste m/koffein", "approved_by_bm": false, "accepted_by_am": false, "booker": 13, "created_at": "2017-10-10T13:20:53.924Z", "updated_at": "2017-10-11T08:28:42.092Z"}}, {"model": "booking.bookingoffer", "pk": 13, "fields": {"artist": 12, "artist_manager": 12, "comment": "We want the rickest riiiick!", "time_slot": 25, "price": 20, "tech_needs": "", "approved_by_bm": false, "accepted_by_am": false, "booker": 13, "created_at": "2017-10-10T13:38:35.223Z", "updated_at": "2017-10-10T13:38:35.223Z"}}, {"model": "booking.bookingoffer", "pk": 14, "fields": {"artist": 2, "artist_manager": 12, "comment": "", "time_slot": 25, "price": 3000, "tech_needs": "A sacrificial human heart", "approved_by_bm": false, "accepted_by_am": false, "booker": 13, "created_at": "2017-10-10T13:39:09.155Z", "updated_at": "2017-10-11T08:29:59.425Z"}}, {"model": "booking.concert", "pk": 3, "fields": {"artist": 1, "time_slot": 13, "description": "", "tech_meetup_time": "2017-10-19T10:00:00Z", "tech_done_time": "2017-10-20T04:00:00Z", "sold_tickets": 100, "audience_showed_up": null, "revenue": null, "festival": 1, "created_at": "2017-10-07T15:31:51.737Z", "updated_at": "2017-10-08T22:22:06.032Z", "technicians": [2, 4]}}, {"model": "booking.concert", "pk": 4, "fields": {"artist": 1, "time_slot": 12, "description": "", "tech_meetup_time": "2017-10-10T11:00:00Z", "tech_done_time": "2017-10-10T21:00:00Z", "sold_tickets": 200, "audience_showed_up": null, "revenue": null, "festival": 1, "created_at": "2017-10-07T15:31:51.737Z", "updated_at": "2017-10-07T15:31:51.801Z", "technicians": [5, 4]}}, {"model": "booking.concert", "pk": 5, "fields": {"artist": 1, "time_slot": 11, "description": "", "tech_meetup_time": "2017-09-05T16:00:00Z", "tech_done_time": "2017-10-04T22:00:00Z", "sold_tickets": 200, "audience_showed_up": null, "revenue": null, "festival": 1, "created_at": "2017-10-07T15:31:51.737Z", "updated_at": "2017-10-07T15:31:51.801Z", "technicians": [7, 1]}}, {"model": "booking.concert", "pk": 6, "fields": {"artist": 1, "time_slot": 10, "description": "", "tech_meetup_time": "2017-10-06T17:00:00Z", "tech_done_time": "2017-10-06T21:30:00Z", "sold_tickets": 150, "audience_showed_up": null, "revenue": null, "festival": 1, "created_at": "2017-10-07T15:31:51.737Z", "updated_at": "2017-10-07T15:31:51.801Z", "technicians": [5, 2, 3, 4]}}, {"model": "booking.concert", "pk": 7, "fields": {"artist": 3, "time_slot": 9, "description": "", "tech_meetup_time": "2017-10-07T20:00:00Z", "tech_done_time": "2017-10-08T04:00:00Z", "sold_tickets": 300, "audience_showed_up": null, "revenue": null, "festival": 1, "created_at": "2017-10-07T15:31:51.737Z", "updated_at": "2017-10-08T22:23:58.776Z", "technicians": [2, 3, 4]}}, {"model": "booking.concert", "pk": 8, "fields": {"artist": 1, "time_slot": 8, "description": "", "tech_meetup_time": "2017-10-11T16:00:00Z", "tech_done_time": "2017-10-11T21:59:00Z", "sold_tickets": 300, "audience_showed_up": null, "revenue": null, "festival": 1, "created_at": "2017-10-07T15:31:51.737Z", "updated_at": "2017-10-07T15:31:51.801Z", "technicians": [2, 3, 4, 8, 9]}}, {"model": "booking.concert", "pk": 9, "fields": {"artist": 1, "time_slot": 7, "description": "", "tech_meetup_time": "2017-10-11T18:00:00Z", "tech_done_time": "2017-10-12T02:00:00Z", "sold_tickets": 200, "audience_showed_up": null, "revenue": null, "festival": 1, "created_at": "2017-10-07T15:31:51.737Z", "updated_at": "2017-10-07T15:31:51.801Z", "technicians": [5, 2, 7]}}, {"model": "booking.concert", "pk": 10, "fields": {"artist": 1, "time_slot": 2, "description": "", "tech_meetup_time": "2017-10-12T19:00:00Z", "tech_done_time": "2017-10-13T04:00:00Z", "sold_tickets": 500, "audience_showed_up": null, "revenue": null, "festival": 1, "created_at": "2017-10-07T15:31:51.737Z", "updated_at": "2017-10-07T15:31:51.801Z", "technicians": [2, 3, 4, 1]}}, {"model": "booking.concert", "pk": 11, "fields": {"artist": 1, "time_slot": 5, "description": "D\u00f8dens Dal", "tech_meetup_time": "2017-10-12T13:00:00Z", "tech_done_time": "2017-10-12T21:59:00Z", "sold_tickets": 600, "audience_showed_up": null, "revenue": null, "festival": 1, "created_at": "2017-10-07T15:31:51.737Z", "updated_at": "2017-10-07T15:31:51.801Z", "technicians": [5, 6, 2, 3, 4, 8, 9, 7]}}, {"model": "booking.concert", "pk": 12, "fields": {"artist": 8, "time_slot": 4, "description": "", "tech_meetup_time": "2017-10-16T18:00:00Z", "tech_done_time": "2017-10-17T04:00:00Z", "sold_tickets": 399, "audience_showed_up": null, "revenue": null, "festival": 1, "created_at": "2017-10-07T15:31:51.737Z", "updated_at": "2017-10-08T22:24:14.712Z", "technicians": [5, 6, 2, 3, 4, 7, 1]}}, {"model": "booking.concert", "pk": 13, "fields": {"artist": 1, "time_slot": 3, "description": "This is a concert in the past", "tech_meetup_time": "2017-09-01T13:00:00Z", "tech_done_time": "2017-09-01T19:00:00Z", "sold_tickets": 450, "audience_showed_up": null, "revenue": 10000.0, "festival": 1, "created_at": "2017-10-07T15:31:51.737Z", "updated_at": "2017-10-07T15:31:51.801Z", "technicians": [2, 3, 4, 7]}}, {"model": "booking.concert", "pk": 14, "fields": {"artist": 1, "time_slot": 1, "description": "past concert", "tech_meetup_time": "2017-08-16T15:00:00Z", "tech_done_time": "2017-08-16T17:00:00Z", "sold_tickets": 600, "audience_showed_up": 500, "revenue": 20000.0, "festival": 1, "created_at": "2017-10-07T15:31:51.737Z", "updated_at": "2017-10-09T10:18:34.868Z", "technicians": [6, 2, 4, 9, 1]}}, {"model": "booking.concert", "pk": 15, "fields": {"artist": 1, "time_slot": 14, "description": "", "tech_meetup_time": "2017-10-28T09:00:00Z", "tech_done_time": "2017-10-28T17:00:00Z", "sold_tickets": 200, "audience_showed_up": null, "revenue": null, "festival": 1, "created_at": "2017-10-07T15:31:51.737Z", "updated_at": "2017-10-07T15:31:51.801Z", "technicians": [2, 8, 9, 1]}}, {"model": "booking.concert", "pk": 16, "fields": {"artist": 1, "time_slot": 15, "description": "", "tech_meetup_time": "2017-11-01T14:00:00Z", "tech_done_time": "2017-11-01T19:00:00Z", "sold_tickets": 250, "audience_showed_up": null, "revenue": null, "festival": 1, "created_at": "2017-10-07T15:31:51.737Z", "updated_at": "2017-10-07T15:31:51.801Z", "technicians": [1, 2, 4, 5]}}, {"model": "booking.concert", "pk": 17, "fields": {"artist": 2, "time_slot": 18, "description": "", "tech_meetup_time": "2017-11-10T17:00:00Z", "tech_done_time": "2017-11-10T22:00:00Z", "sold_tickets": 250, "audience_showed_up": null, "revenue": null, "festival": 1, "created_at": "2017-10-07T15:31:51.737Z", "updated_at": "2017-10-08T22:24:23.963Z", "technicians": [1, 3, 4, 5]}}, {"model": "booking.concert", "pk": 18, "fields": {"artist": 6, "time_slot": 6, "description": "", "tech_meetup_time": null, "tech_done_time": null, "sold_tickets": null, "audience_showed_up": null, "revenue": null, "festival": 1, "created_at": "2017-10-08T22:17:34.139Z", "updated_at": "2017-10-08T22:17:34.139Z", "technicians": [1, 2, 4]}}, {"model": "booking.concert", "pk": 19, "fields": {"artist": 11, "time_slot": 23, "description": "", "tech_meetup_time": "2017-11-10T17:00:00Z", "tech_done_time": "2017-11-10T22:59:00Z", "sold_tickets": null, "audience_showed_up": null, "revenue": null, "festival": 1, "created_at": "2017-10-09T13:12:10.540Z", "updated_at": "2017-10-09T13:12:10.540Z", "technicians": [8, 2, 6]}}, {"model": "booking.concert", "pk": 20, "fields": {"artist": 5, "time_slot": 24, "description": "", "tech_meetup_time": "2017-10-30T16:00:00Z", "tech_done_time": "2017-10-30T22:00:00Z", "sold_tickets": 150, "audience_showed_up": null, "revenue": null, "festival": 1, "created_at": "2017-10-10T13:22:13.812Z", "updated_at": "2017-10-10T13:22:13.812Z", "technicians": [1, 2, 3, 4, 5]}}, {"model": "booking.concert", "pk": 21, "fields": {"artist": 12, "time_slot": 25, "description": "yey we got rick!", "tech_meetup_time": "2017-10-08T10:00:00Z", "tech_done_time": "2017-10-08T21:59:00Z", "sold_tickets": 999, "audience_showed_up": null, "revenue": null, "festival": 1, "created_at": "2017-10-10T13:47:21.138Z", "updated_at": "2017-10-10T13:47:21.138Z", "technicians": [1, 2, 3, 4, 5, 6, 7, 8, 9]}}, {"model": "booking.festival", "pk": 1, "fields": {"name": "PeFemTen", "start_date": "2017-09-27", "end_date": "2017-10-26", "num_of_concerts": null, "total_revenue": null}}, {"model": "booking.genre", "pk": 1, "fields": {"name": "Metal"}}, {"model": "booking.genre", "pk": 2, "fields": {"name": "Rap"}}, {"model": "booking.genre", "pk": 3, "fields": {"name": "House"}}, {"model": "booking.stage", "pk": 1, "fields": {"name": "Moki", "description": "", "audience_cap": 500}}, {"model": "booking.stage", "pk": 2, "fields": {"name": "Gobo", "description": "", "audience_cap": 600}}, {"model": "booking.stage", "pk": 3, "fields": {"name": "Vips", "description": "", "audience_cap": 750}}, {"model": "booking.stage", "pk": 4, "fields": {"name": "Bober", "description": "", "audience_cap": 900}}, {"model": "booking.stage", "pk": 5, "fields": {"name": "Onlinekontoret", "description": "Beste plassen", "audience_cap": 1000}}, {"model": "booking.stage", "pk": 6, "fields": {"name": "test", "description": "hei", "audience_cap": 100}}, {"model": "booking.stage", "pk": 7, "fields": {"name": "TheCage", "description": "For gladiators", "audience_cap": 1000}}, {"model": "booking.timeslot", "pk": 1, "fields": {"start_date": "2017-10-03", "end_date": "2017-10-03", "start_time": "17:34:06", "end_time": "17:34:07", "stage": 1}}, {"model": "booking.timeslot", "pk": 2, "fields": {"start_date": "2017-10-20", "end_date": "2017-10-20", "start_time": "17:35:34", "end_time": "20:00:00", "stage": 1}}, {"model": "booking.timeslot", "pk": 3, "fields": {"start_date": "2017-10-27", "end_date": "2017-10-27", "start_time": "17:47:52", "end_time": "21:00:00", "stage": 2}}, {"model": "booking.timeslot", "pk": 4, "fields": {"start_date": "2017-09-14", "end_date": "2017-09-14", "start_time": "17:00:00", "end_time": "21:00:00", "stage": 4}}, {"model": "booking.timeslot", "pk": 5, "fields": {"start_date": "2017-10-21", "end_date": "2017-10-21", "start_time": "17:51:08", "end_time": "17:51:09", "stage": 1}}, {"model": "booking.timeslot", "pk": 6, "fields": {"start_date": "2017-10-03", "end_date": "2017-10-03", "start_time": "17:51:16", "end_time": "17:51:17", "stage": 3}}, {"model": "booking.timeslot", "pk": 7, "fields": {"start_date": "2017-10-03", "end_date": "2017-10-03", "start_time": "17:51:23", "end_time": "17:51:23", "stage": 4}}, {"model": "booking.timeslot", "pk": 8, "fields": {"start_date": "2017-10-03", "end_date": "2017-10-03", "start_time": "17:51:28", "end_time": "17:51:28", "stage": 4}}, {"model": "booking.timeslot", "pk": 9, "fields": {"start_date": "2017-10-03", "end_date": "2017-10-03", "start_time": "17:51:34", "end_time": "17:51:34", "stage": 2}}, {"model": "booking.timeslot", "pk": 10, "fields": {"start_date": "2017-10-03", "end_date": "2017-10-03", "start_time": "17:51:40", "end_time": "17:51:40", "stage": 1}}, {"model": "booking.timeslot", "pk": 11, "fields": {"start_date": "2017-10-03", "end_date": "2017-10-03", "start_time": "17:51:50", "end_time": "17:51:51", "stage": 1}}, {"model": "booking.timeslot", "pk": 12, "fields": {"start_date": "2017-10-03", "end_date": "2017-10-03", "start_time": "17:51:56", "end_time": "17:51:57", "stage": 1}}, {"model": "booking.timeslot", "pk": 13, "fields": {"start_date": "2017-10-03", "end_date": "2017-10-03", "start_time": "17:54:29", "end_time": "17:54:30", "stage": 2}}, {"model": "booking.timeslot", "pk": 14, "fields": {"start_date": "2017-10-28", "end_date": "2017-10-28", "start_time": "12:00:00", "end_time": "18:00:00", "stage": 1}}, {"model": "booking.timeslot", "pk": 15, "fields": {"start_date": "2017-11-01", "end_date": "2017-11-01", "start_time": "17:00:00", "end_time": "19:00:00", "stage": 1}}, {"model": "booking.timeslot", "pk": 16, "fields": {"start_date": "2017-11-28", "end_date": "2017-11-28", "start_time": "20:00:00", "end_time": "22:00:00", "stage": 1}}, {"model": "booking.timeslot", "pk": 17, "fields": {"start_date": "2017-11-10", "end_date": "2017-11-10", "start_time": "20:00:00", "end_time": "21:00:00", "stage": 1}}, {"model": "booking.timeslot", "pk": 18, "fields": {"start_date": "2017-11-10", "end_date": "2017-11-10", "start_time": "21:00:00", "end_time": "23:00:00", "stage": 1}}, {"model": "booking.timeslot", "pk": 19, "fields": {"start_date": "2017-11-10", "end_date": "2017-10-10", "start_time": "21:00:00", "end_time": "22:00:00", "stage": 2}}, {"model": "booking.timeslot", "pk": 20, "fields": {"start_date": "2017-10-07", "end_date": "2017-10-07", "start_time": "17:03:55", "end_time": "17:03:55", "stage": 3}}, {"model": "booking.timeslot", "pk": 21, "fields": {"start_date": "2017-11-20", "end_date": "2017-11-20", "start_time": "19:00:00", "end_time": "21:00:00", "stage": 5}}, {"model": "booking.timeslot", "pk": 22, "fields": {"start_date": "2017-10-08", "end_date": "2017-10-08", "start_time": "23:22:12", "end_time": "23:22:13", "stage": 1}}, {"model": "booking.timeslot", "pk": 23, "fields": {"start_date": "2017-11-10", "end_date": "2017-11-10", "start_time": "21:00:00", "end_time": "22:00:00", "stage": 1}}, {"model": "booking.timeslot", "pk": 24, "fields": {"start_date": "2017-10-30", "end_date": "2017-10-30", "start_time": "20:00:00", "end_time": "22:00:00", "stage": 1}}, {"model": "booking.timeslot", "pk": 25, "fields": {"start_date": "2017-11-01", "end_date": "2017-11-01", "start_time": "18:00:00", "end_time": "22:00:00", "stage": 7}}]